<annotation>
	<folder>train</folder>
	<filename>training_left_311.jpg</filename>
	<path>C:\Users\k6611\Desktop\FYP\LabelImg\dataset (intern)\turn_left\train\training_left_311.jpg</path>
	<source>
		<database>Unknown</database>
	</source>
	<size>
		<width>920</width>
		<height>640</height>
		<depth>3</depth>
	</size>
	<segmented>0</segmented>
	<object>
		<name>turn_left</name>
		<pose>Unspecified</pose>
		<truncated>0</truncated>
		<difficult>0</difficult>
		<bndbox>
			<xmin>355</xmin>
			<ymin>153</ymin>
			<xmax>522</xmax>
			<ymax>348</ymax>
		</bndbox>
	</object>
</annotation>
